,gameid,datacompleteness,url,league,year,split,playoffs,date,game,patch,playerid,side,position,player,team,champion,ban1,ban2,ban3,ban4,ban5,gamelength,result,kills,deaths,assists,teamkills,teamdeaths,doublekills,triplekills,quadrakills,pentakills,firstblood,firstbloodkill,firstbloodassist,firstbloodvictim,team kpm,ckpm,firstdragon,dragons,opp_dragons,elementaldrakes,opp_elementaldrakes,infernals,mountains,clouds,oceans,dragons (type unknown),elders,opp_elders,firstherald,heralds,opp_heralds,firstbaron,barons,opp_barons,firsttower,towers,opp_towers,firstmidtower,firsttothreetowers,inhibitors,opp_inhibitors,damagetochampions,dpm,damageshare,wardsplaced,wpm,wardskilled,wcpm,controlwardsbought,visionscore,vspm,totalgold,earnedgold,earned gpm,earnedgoldshare,goldspent,gspd,total cs,minionkills,monsterkills,monsterkillsownjungle,monsterkillsenemyjungle,cspm,goldat10,xpat10,csat10,opp_goldat10,opp_xpat10,opp_csat10,golddiffat10,xpdiffat10,csdiffat10,goldat15,xpat15,csat15,opp_goldat15,opp_xpat15,opp_csat15,golddiffat15,xpdiffat15,csdiffat15
61800,ESPORTSTMNT06/1310177,complete,http://matchhistory.na.leagueoflegends.com/en/#match-details/ESPORTSTMNT06/1310177?gameHash=0067d7aaf35042b9,EM,2020,Summer,0,2020-08-17 16:35:02,1,10.16,1,Blue,top,Gabbo,CR4ZY,Sett,Karthus,Lucian,Caitlyn,Kled,Yasuo,1387,1,2,0,5,20,1,0.0,0.0,0.0,0.0,0.0,0.0,0.0,0.0,0.8652,0.9084,,,,,,,,,,,,,,,,,,,,,,,,0.0,0.0,8659,374.5782,0.20239300000000002,9,0.3893,2,0.0865,2,17.0,0.7354,10192,7087,306.5753,0.22534899999999997,8650.0,,209.0,201.0,8,8,0,9.0411,3739.0,4926.0,96.0,2923.0,4369.0,71.0,816.0,557.0,25.0,6590.0,8022.0,145.0,4210.0,6234.0,100.0,2380.0,1788.0,45.0
61801,ESPORTSTMNT06/1310177,complete,http://matchhistory.na.leagueoflegends.com/en/#match-details/ESPORTSTMNT06/1310177?gameHash=0067d7aaf35042b9,EM,2020,Summer,0,2020-08-17 16:35:02,1,10.16,2,Blue,jng,DoubleAiM,CR4ZY,Sejuani,Karthus,Lucian,Caitlyn,Kled,Yasuo,1387,1,6,0,10,20,1,1.0,0.0,0.0,0.0,1.0,1.0,0.0,0.0,0.8652,0.9084,,,,,,,,,,,,,,,,,,,,,,,,0.0,0.0,7184,310.7714,0.167917,9,0.3893,3,0.1298,9,30.0,1.2978,9550,6445,278.8032,0.20493499999999998,8475.0,,125.0,20.0,105,45,19,5.4074,4021.0,3283.0,62.0,2670.0,2764.0,46.0,1351.0,519.0,16.0,6473.0,5426.0,81.0,4634.0,5479.0,82.0,1839.0,-53.0,-1.0
61802,ESPORTSTMNT06/1310177,complete,http://matchhistory.na.leagueoflegends.com/en/#match-details/ESPORTSTMNT06/1310177?gameHash=0067d7aaf35042b9,EM,2020,Summer,0,2020-08-17 16:35:02,1,10.16,3,Blue,mid,Meight,CR4ZY,Akali,Karthus,Lucian,Caitlyn,Kled,Yasuo,1387,1,7,1,2,20,1,0.0,0.0,0.0,0.0,0.0,0.0,0.0,0.0,0.8652,0.9084,,,,,,,,,,,,,,,,,,,,,,,,1.0,0.0,9895,428.0461,0.231283,10,0.4326,0,0.0,3,14.0,0.6056,9946,6841,295.9337,0.217527,8960.0,,210.0,196.0,14,13,0,9.0844,3341.0,4379.0,80.0,3049.0,4353.0,79.0,292.0,26.0,1.0,5838.0,7280.0,130.0,4620.0,6970.0,127.0,1218.0,310.0,3.0
61803,ESPORTSTMNT06/1310177,complete,http://matchhistory.na.leagueoflegends.com/en/#match-details/ESPORTSTMNT06/1310177?gameHash=0067d7aaf35042b9,EM,2020,Summer,0,2020-08-17 16:35:02,1,10.16,4,Blue,bot,Plox,CR4ZY,Senna,Karthus,Lucian,Caitlyn,Kled,Yasuo,1387,1,3,0,14,20,1,0.0,0.0,0.0,0.0,1.0,0.0,1.0,0.0,0.8652,0.9084,,,,,,,,,,,,,,,,,,,,,,,,0.0,0.0,10696,462.6965,0.250006,10,0.4326,4,0.173,4,20.0,0.8652,10157,7052,305.0613,0.22423600000000002,9050.0,,182.0,178.0,4,0,4,7.8731,3449.0,3155.0,79.0,3417.0,3107.0,94.0,32.0,48.0,-15.0,5861.0,6290.0,120.0,5048.0,4547.0,133.0,813.0,1743.0,-13.0
61804,ESPORTSTMNT06/1310177,complete,http://matchhistory.na.leagueoflegends.com/en/#match-details/ESPORTSTMNT06/1310177?gameHash=0067d7aaf35042b9,EM,2020,Summer,0,2020-08-17 16:35:02,1,10.16,5,Blue,sup,Raxxo,CR4ZY,Bard,Karthus,Lucian,Caitlyn,Kled,Yasuo,1387,1,2,0,14,20,1,0.0,0.0,0.0,0.0,1.0,0.0,1.0,0.0,0.8652,0.9084,,,,,,,,,,,,,,,,,,,,,,,,0.0,0.0,6349,274.6503,0.1484,37,1.6006,12,0.5191,11,72.0,3.1146,7129,4024,174.0735,0.127952,6275.0,,42.0,42.0,0,0,0,1.8169,2243.0,2932.0,15.0,2099.0,2724.0,13.0,144.0,208.0,2.0,4397.0,4472.0,25.0,3090.0,3729.0,19.0,1307.0,743.0,6.0
61805,ESPORTSTMNT06/1310177,complete,http://matchhistory.na.leagueoflegends.com/en/#match-details/ESPORTSTMNT06/1310177?gameHash=0067d7aaf35042b9,EM,2020,Summer,0,2020-08-17 16:35:02,1,10.16,6,Red,top,Looca,LowLandLions,Gragas,Cho'Gath,Graves,Volibear,Camille,Rek'Sai,1387,0,0,2,0,1,20,0.0,0.0,0.0,0.0,0.0,0.0,0.0,0.0,0.0433,0.9084,,,,,,,,,,,,,,,,,,,,,,,,0.0,0.0,8095,350.1802,0.23794099999999999,12,0.5191,0,0.0,5,16.0,0.6921,6778,3673,158.8897,0.20461300000000002,6545.0,,152.0,147.0,5,0,1,6.5753,2923.0,4369.0,71.0,3739.0,4926.0,96.0,-816.0,-557.0,-25.0,4210.0,6234.0,100.0,6590.0,8022.0,145.0,-2380.0,-1788.0,-45.0
61806,ESPORTSTMNT06/1310177,complete,http://matchhistory.na.leagueoflegends.com/en/#match-details/ESPORTSTMNT06/1310177?gameHash=0067d7aaf35042b9,EM,2020,Summer,0,2020-08-17 16:35:02,1,10.16,7,Red,jng,Hades,LowLandLions,Lee Sin,Cho'Gath,Graves,Volibear,Camille,Rek'Sai,1387,0,1,3,0,1,20,0.0,0.0,0.0,0.0,0.0,0.0,0.0,0.0,0.0433,0.9084,,,,,,,,,,,,,,,,,,,,,,,,0.0,0.0,3485,150.757,0.10243699999999999,9,0.3893,2,0.0865,6,17.0,0.7354,6734,3629,156.9863,0.20216099999999998,6075.0,,126.0,14.0,112,77,16,5.4506,2670.0,2764.0,46.0,4021.0,3283.0,62.0,-1351.0,-519.0,-16.0,4634.0,5479.0,82.0,6473.0,5426.0,81.0,-1839.0,53.0,1.0
61807,ESPORTSTMNT06/1310177,complete,http://matchhistory.na.leagueoflegends.com/en/#match-details/ESPORTSTMNT06/1310177?gameHash=0067d7aaf35042b9,EM,2020,Summer,0,2020-08-17 16:35:02,1,10.16,8,Red,mid,Raqo,LowLandLions,Azir,Cho'Gath,Graves,Volibear,Camille,Rek'Sai,1387,0,0,3,0,1,20,0.0,0.0,0.0,0.0,0.0,0.0,0.0,0.0,0.0433,0.9084,,,,,,,,,,,,,,,,,,,,,,,,0.0,1.0,6457,279.3223,0.189795,7,0.3028,4,0.173,3,24.0,1.0382,7612,4507,194.9676,0.25107399999999996,7375.0,,205.0,193.0,12,10,0,8.8681,3049.0,4353.0,79.0,3341.0,4379.0,80.0,-292.0,-26.0,-1.0,4620.0,6970.0,127.0,5838.0,7280.0,130.0,-1218.0,-310.0,-3.0
61808,ESPORTSTMNT06/1310177,complete,http://matchhistory.na.leagueoflegends.com/en/#match-details/ESPORTSTMNT06/1310177?gameHash=0067d7aaf35042b9,EM,2020,Summer,0,2020-08-17 16:35:02,1,10.16,9,Red,bot,Orre,LowLandLions,Ezreal,Cho'Gath,Graves,Volibear,Camille,Rek'Sai,1387,0,0,4,0,1,20,0.0,0.0,0.0,0.0,0.0,0.0,0.0,0.0,0.0433,0.9084,,,,,,,,,,,,,,,,,,,,,,,,0.0,0.0,10827,468.3634,0.318245,9,0.3893,8,0.3461,4,28.0,1.2112,7805,4700,203.3165,0.261825,7550.0,,201.0,201.0,0,0,0,8.695,3417.0,3107.0,94.0,3449.0,3155.0,79.0,-32.0,-48.0,15.0,5048.0,4547.0,133.0,5861.0,6290.0,120.0,-813.0,-1743.0,13.0
61809,ESPORTSTMNT06/1310177,complete,http://matchhistory.na.leagueoflegends.com/en/#match-details/ESPORTSTMNT06/1310177?gameHash=0067d7aaf35042b9,EM,2020,Summer,0,2020-08-17 16:35:02,1,10.16,10,Red,sup,QUICKTIMER,LowLandLions,Blitzcrank,Cho'Gath,Graves,Volibear,Camille,Rek'Sai,1387,0,0,8,0,1,20,0.0,0.0,0.0,0.0,0.0,0.0,0.0,1.0,0.0433,0.9084,,,,,,,,,,,,,,,,,,,,,,,,0.0,0.0,5157,223.0858,0.151583,29,1.2545,8,0.3461,13,45.0,1.9466,4547,1442,62.3792,0.08032710000000001,3675.0,,27.0,27.0,0,0,0,1.168,2099.0,2724.0,13.0,2243.0,2932.0,15.0,-144.0,-208.0,-2.0,3090.0,3729.0,19.0,4397.0,4472.0,25.0,-1307.0,-743.0,-6.0
61810,ESPORTSTMNT06/1310177,complete,http://matchhistory.na.leagueoflegends.com/en/#match-details/ESPORTSTMNT06/1310177?gameHash=0067d7aaf35042b9,EM,2020,Summer,0,2020-08-17 16:35:02,1,10.16,100,Blue,team,,CR4ZY,,Karthus,Lucian,Caitlyn,Kled,Yasuo,1387,1,20,1,45,20,1,1.0,0.0,0.0,0.0,1.0,,,,0.8652,0.9084,1.0,2.0,1.0,2.0,1.0,1.0,0.0,0.0,1.0,,0.0,0.0,1.0,2.0,0.0,1.0,1.0,0.0,1.0,7.0,2.0,1.0,1.0,1.0,0.0,42783,1850.7426,,75,3.2444,21,0.9084,29,153.0,6.6186,46974,31449,1360.447,,41410.0,0.2806,,637.0,131,66,23,33.2228,16793.0,18675.0,332.0,14158.0,17317.0,303.0,2635.0,1358.0,29.0,29159.0,31490.0,501.0,21602.0,26959.0,461.0,7557.0,4531.0,40.0
61811,ESPORTSTMNT06/1310177,complete,http://matchhistory.na.leagueoflegends.com/en/#match-details/ESPORTSTMNT06/1310177?gameHash=0067d7aaf35042b9,EM,2020,Summer,0,2020-08-17 16:35:02,1,10.16,200,Red,team,,LowLandLions,,Cho'Gath,Graves,Volibear,Camille,Rek'Sai,1387,0,1,20,0,1,20,0.0,0.0,0.0,0.0,0.0,,,,0.0433,0.9084,0.0,1.0,2.0,1.0,2.0,0.0,1.0,0.0,0.0,,0.0,0.0,0.0,0.0,2.0,0.0,0.0,1.0,0.0,2.0,7.0,0.0,0.0,0.0,1.0,34021,1471.7087,,66,2.8551,22,0.9517,31,130.0,5.6236,33476,17951,776.5393,,31220.0,-0.2806,,582.0,129,87,17,30.757,14158.0,17317.0,303.0,16793.0,18675.0,332.0,-2635.0,-1358.0,-29.0,21602.0,26959.0,461.0,29159.0,31490.0,501.0,-7557.0,-4531.0,-40.0
61848,ESPORTSTMNT06/1310182,complete,http://matchhistory.na.leagueoflegends.com/en/#match-details/ESPORTSTMNT06/1310182?gameHash=38dab4e755ed9b2b,EM,2020,Summer,0,2020-08-17 17:20:26,1,10.16,1,Blue,top,Looca,LowLandLions,Sion,Zoe,LeBlanc,Graves,Aatrox,Mordekaiser,1809,0,0,5,1,11,32,0.0,0.0,0.0,0.0,0.0,0.0,0.0,0.0,0.3648,1.4262,,,,,,,,,,,,,,,,,,,,,,,,0.0,0.0,11189,371.1111,0.14910299999999999,13,0.4312,3,0.0995,3,23.0,0.7629,8074,4108,136.2521,0.144379,7525.0,,196.0,195.0,1,1,0,6.5008,2865.0,4470.0,75.0,3430.0,4763.0,83.0,-565.0,-293.0,-8.0,4396.0,6650.0,117.0,6478.0,8016.0,136.0,-2082.0,-1366.0,-19.0
61849,ESPORTSTMNT06/1310182,complete,http://matchhistory.na.leagueoflegends.com/en/#match-details/ESPORTSTMNT06/1310182?gameHash=38dab4e755ed9b2b,EM,2020,Summer,0,2020-08-17 17:20:26,1,10.16,2,Blue,jng,Hades,LowLandLions,Sett,Zoe,LeBlanc,Graves,Aatrox,Mordekaiser,1809,0,3,4,6,11,32,0.0,0.0,0.0,0.0,0.0,0.0,0.0,0.0,0.3648,1.4262,,,,,,,,,,,,,,,,,,,,,,,,0.0,0.0,14622,484.9751,0.194851,11,0.3648,16,0.5307,12,46.0,1.5257,9966,6000,199.005,0.21087399999999998,9550.0,,184.0,72.0,112,84,0,6.1028,3257.0,2647.0,45.0,4041.0,3686.0,60.0,-784.0,-1039.0,-15.0,5397.0,5385.0,89.0,7429.0,6920.0,98.0,-2032.0,-1535.0,-9.0
61850,ESPORTSTMNT06/1310182,complete,http://matchhistory.na.leagueoflegends.com/en/#match-details/ESPORTSTMNT06/1310182?gameHash=38dab4e755ed9b2b,EM,2020,Summer,0,2020-08-17 17:20:26,1,10.16,3,Blue,mid,Raqo,LowLandLions,Syndra,Zoe,LeBlanc,Graves,Aatrox,Mordekaiser,1809,0,2,7,2,11,32,0.0,0.0,0.0,0.0,0.0,0.0,0.0,0.0,0.3648,1.4262,,,,,,,,,,,,,,,,,,,,,,,,0.0,1.0,17472,579.5025,0.23283,16,0.5307,3,0.0995,10,33.0,1.0945,10619,6653,220.6633,0.23382399999999998,10250.0,,214.0,212.0,2,1,0,7.0978,2930.0,4214.0,73.0,3887.0,5074.0,84.0,-957.0,-860.0,-11.0,5124.0,6141.0,109.0,7035.0,8819.0,146.0,-1911.0,-2678.0,-37.0
61851,ESPORTSTMNT06/1310182,complete,http://matchhistory.na.leagueoflegends.com/en/#match-details/ESPORTSTMNT06/1310182?gameHash=38dab4e755ed9b2b,EM,2020,Summer,0,2020-08-17 17:20:26,1,10.16,4,Blue,bot,Orre,LowLandLions,Lucian,Zoe,LeBlanc,Graves,Aatrox,Mordekaiser,1809,0,6,8,2,11,32,1.0,0.0,0.0,0.0,1.0,1.0,0.0,0.0,0.3648,1.4262,,,,,,,,,,,,,,,,,,,,,,,,0.0,1.0,23480,778.7728,0.312891,9,0.2985,4,0.1327,5,18.0,0.597,13465,9499,315.058,0.333848,13525.0,,243.0,235.0,8,7,0,8.0597,3343.0,2992.0,66.0,3124.0,2718.0,67.0,219.0,274.0,-1.0,5055.0,5052.0,115.0,5113.0,5106.0,120.0,-58.0,-54.0,-5.0
61852,ESPORTSTMNT06/1310182,complete,http://matchhistory.na.leagueoflegends.com/en/#match-details/ESPORTSTMNT06/1310182?gameHash=38dab4e755ed9b2b,EM,2020,Summer,0,2020-08-17 17:20:26,1,10.16,5,Blue,sup,QUICKTIMER,LowLandLions,Alistar,Zoe,LeBlanc,Graves,Aatrox,Mordekaiser,1809,0,0,8,5,11,32,0.0,0.0,0.0,0.0,1.0,0.0,1.0,0.0,0.3648,1.4262,,,,,,,,,,,,,,,,,,,,,,,,0.0,0.0,8279,274.5937,0.110325,44,1.4594,13,0.4312,15,58.0,1.9237,6159,2193,72.7363,0.0770753,5875.0,,38.0,38.0,0,0,0,1.2604,2249.0,2138.0,11.0,2826.0,2667.0,15.0,-577.0,-529.0,-4.0,3317.0,4238.0,24.0,4088.0,4318.0,24.0,-771.0,-80.0,0.0
61853,ESPORTSTMNT06/1310182,complete,http://matchhistory.na.leagueoflegends.com/en/#match-details/ESPORTSTMNT06/1310182?gameHash=38dab4e755ed9b2b,EM,2020,Summer,0,2020-08-17 17:20:26,1,10.16,6,Red,top,Bando,LDLC OL,Lillia,Caitlyn,Bard,Karthus,Gragas,Yuumi,1809,1,4,1,14,32,11,1.0,1.0,0.0,0.0,0.0,0.0,0.0,0.0,1.0614,1.4262,,,,,,,,,,,,,,,,,,,,,,,,0.0,0.0,28579,947.8939,0.264701,10,0.3317,3,0.0995,3,23.0,0.7629,13237,9271,307.4959,0.208571,12875.0,,249.0,229.0,20,1,10,8.2587,3430.0,4763.0,83.0,2865.0,4470.0,75.0,565.0,293.0,8.0,6478.0,8016.0,136.0,4396.0,6650.0,117.0,2082.0,1366.0,19.0
61854,ESPORTSTMNT06/1310182,complete,http://matchhistory.na.leagueoflegends.com/en/#match-details/ESPORTSTMNT06/1310182?gameHash=38dab4e755ed9b2b,EM,2020,Summer,0,2020-08-17 17:20:26,1,10.16,7,Red,jng,TynX,LDLC OL,Lee Sin,Caitlyn,Bard,Karthus,Gragas,Yuumi,1809,1,11,4,12,32,11,0.0,0.0,0.0,0.0,0.0,0.0,0.0,0.0,1.0614,1.4262,,,,,,,,,,,,,,,,,,,,,,,,0.0,0.0,23118,766.7662,0.214121,14,0.4643,8,0.2653,10,47.0,1.5589,13600,9634,319.5357,0.21673800000000001,13250.0,,177.0,29.0,148,89,16,5.8706,4041.0,3686.0,60.0,3257.0,2647.0,45.0,784.0,1039.0,15.0,7429.0,6920.0,98.0,5397.0,5385.0,89.0,2032.0,1535.0,9.0
61855,ESPORTSTMNT06/1310182,complete,http://matchhistory.na.leagueoflegends.com/en/#match-details/ESPORTSTMNT06/1310182?gameHash=38dab4e755ed9b2b,EM,2020,Summer,0,2020-08-17 17:20:26,1,10.16,8,Red,mid,Vetheo,LDLC OL,Akali,Caitlyn,Bard,Karthus,Gragas,Yuumi,1809,1,12,1,9,32,11,2.0,0.0,0.0,0.0,0.0,0.0,0.0,0.0,1.0614,1.4262,,,,,,,,,,,,,,,,,,,,,,,,1.0,0.0,31621,1048.7894,0.292877,10,0.3317,6,0.199,4,32.0,1.0614,15864,11898,394.6269,0.267671,13900.0,,249.0,233.0,16,0,12,8.2587,3887.0,5074.0,84.0,2930.0,4214.0,73.0,957.0,860.0,11.0,7035.0,8819.0,146.0,5124.0,6141.0,109.0,1911.0,2678.0,37.0
61856,ESPORTSTMNT06/1310182,complete,http://matchhistory.na.leagueoflegends.com/en/#match-details/ESPORTSTMNT06/1310182?gameHash=38dab4e755ed9b2b,EM,2020,Summer,0,2020-08-17 17:20:26,1,10.16,9,Red,bot,Exakick,LDLC OL,Kalista,Caitlyn,Bard,Karthus,Gragas,Yuumi,1809,1,4,5,14,32,11,1.0,0.0,0.0,0.0,0.0,0.0,0.0,1.0,1.0614,1.4262,,,,,,,,,,,,,,,,,,,,,,,,1.0,0.0,17068,566.1028,0.158085,17,0.5638,9,0.2985,11,45.0,1.4925,13338,9372,310.8458,0.210844,12750.0,,279.0,255.0,24,16,8,9.2537,3124.0,2718.0,67.0,3343.0,2992.0,66.0,-219.0,-274.0,1.0,5113.0,5106.0,120.0,5055.0,5052.0,115.0,58.0,54.0,5.0
61857,ESPORTSTMNT06/1310182,complete,http://matchhistory.na.leagueoflegends.com/en/#match-details/ESPORTSTMNT06/1310182?gameHash=38dab4e755ed9b2b,EM,2020,Summer,0,2020-08-17 17:20:26,1,10.16,10,Red,sup,YellOwStaR,LDLC OL,Thresh,Caitlyn,Bard,Karthus,Gragas,Yuumi,1809,1,1,0,19,32,11,0.0,0.0,0.0,0.0,0.0,0.0,0.0,0.0,1.0614,1.4262,,,,,,,,,,,,,,,,,,,,,,,,0.0,0.0,7581,251.4428,0.0702159,56,1.8574,14,0.4643,11,92.0,3.0514,8241,4275,141.791,0.0961759,7975.0,,36.0,36.0,0,0,0,1.194,2826.0,2667.0,15.0,2249.0,2138.0,11.0,577.0,529.0,4.0,4088.0,4318.0,24.0,3317.0,4238.0,24.0,771.0,80.0,0.0
61858,ESPORTSTMNT06/1310182,complete,http://matchhistory.na.leagueoflegends.com/en/#match-details/ESPORTSTMNT06/1310182?gameHash=38dab4e755ed9b2b,EM,2020,Summer,0,2020-08-17 17:20:26,1,10.16,100,Blue,team,,LowLandLions,,Zoe,LeBlanc,Graves,Aatrox,Mordekaiser,1809,0,11,32,16,11,32,1.0,0.0,0.0,0.0,1.0,,,,0.3648,1.4262,0.0,2.0,2.0,2.0,2.0,1.0,1.0,0.0,0.0,,0.0,0.0,0.0,0.0,2.0,0.0,0.0,1.0,0.0,1.0,11.0,0.0,0.0,0.0,3.0,75042,2488.9552,,93,3.0846,39,1.2935,45,178.0,5.9038,48283,28453,943.7148,,46725.0,-0.260991,,752.0,123,93,0,29.0216,14644.0,16461.0,270.0,17308.0,18908.0,309.0,-2664.0,-2447.0,-39.0,23289.0,27466.0,454.0,30143.0,33179.0,524.0,-6854.0,-5713.0,-70.0
61859,ESPORTSTMNT06/1310182,complete,http://matchhistory.na.leagueoflegends.com/en/#match-details/ESPORTSTMNT06/1310182?gameHash=38dab4e755ed9b2b,EM,2020,Summer,0,2020-08-17 17:20:26,1,10.16,200,Red,team,,LDLC OL,,Caitlyn,Bard,Karthus,Gragas,Yuumi,1809,1,32,11,68,32,11,4.0,1.0,0.0,0.0,0.0,,,,1.0614,1.4262,1.0,2.0,2.0,2.0,2.0,1.0,0.0,1.0,0.0,,0.0,0.0,1.0,2.0,0.0,1.0,1.0,0.0,1.0,11.0,1.0,1.0,1.0,3.0,0.0,107967,3580.995,,107,3.5489,40,1.3267,39,239.0,7.927,64280,44450,1474.2952,,60750.0,0.260991,,782.0,208,106,46,32.8358,17308.0,18908.0,309.0,14644.0,16461.0,270.0,2664.0,2447.0,39.0,30143.0,33179.0,524.0,23289.0,27466.0,454.0,6854.0,5713.0,70.0
61992,ESPORTSTMNT06/1310192,complete,http://matchhistory.na.leagueoflegends.com/en/#match-details/ESPORTSTMNT06/1310192?gameHash=8c9e346802558f10,EM,2020,Summer,0,2020-08-17 19:58:22,1,10.16,1,Blue,top,Oscarinin,G2 Arctic,Renekton,Sett,Karthus,Bard,Azir,Shyvana,2090,1,5,4,6,21,10,1.0,1.0,0.0,0.0,0.0,0.0,0.0,0.0,0.6029,0.89,,,,,,,,,,,,,,,,,,,,,,,,0.0,0.0,20810,597.4163,0.20465,20,0.5742,10,0.2871,9,42.0,1.2057,15417,10878,312.2871,0.273807,15625.0,,283.0,271.0,12,0,0,8.1244,3726.0,5017.0,87.0,3073.0,4299.0,76.0,653.0,718.0,11.0,6516.0,7467.0,134.0,4563.0,6552.0,102.0,1953.0,915.0,32.0
61993,ESPORTSTMNT06/1310192,complete,http://matchhistory.na.leagueoflegends.com/en/#match-details/ESPORTSTMNT06/1310192?gameHash=8c9e346802558f10,EM,2020,Summer,0,2020-08-17 19:58:22,1,10.16,2,Blue,jng,Nasser,G2 Arctic,Sejuani,Sett,Karthus,Bard,Azir,Shyvana,2090,1,4,3,13,21,10,0.0,0.0,0.0,0.0,0.0,0.0,0.0,0.0,0.6029,0.89,,,,,,,,,,,,,,,,,,,,,,,,1.0,0.0,13407,384.89,0.131847,13,0.3732,17,0.488,12,51.0,1.4641,11354,6815,195.6459,0.171536,10000.0,,200.0,41.0,159,95,19,5.7416,2743.0,2736.0,58.0,3218.0,3574.0,71.0,-475.0,-838.0,-13.0,4612.0,4986.0,89.0,6293.0,6433.0,118.0,-1681.0,-1447.0,-29.0
61994,ESPORTSTMNT06/1310192,complete,http://matchhistory.na.leagueoflegends.com/en/#match-details/ESPORTSTMNT06/1310192?gameHash=8c9e346802558f10,EM,2020,Summer,0,2020-08-17 19:58:22,1,10.16,3,Blue,mid,FeeNiixZ,G2 Arctic,Zoe,Sett,Karthus,Bard,Azir,Shyvana,2090,1,5,1,8,21,10,0.0,0.0,0.0,0.0,0.0,0.0,0.0,0.0,0.6029,0.89,,,,,,,,,,,,,,,,,,,,,,,,0.0,0.0,21869,627.8182,0.21506399999999998,16,0.4593,9,0.2584,9,37.0,1.0622,12621,8082,232.0191,0.203428,11875.0,,238.0,224.0,14,12,2,6.8325,3080.0,4492.0,78.0,3112.0,4563.0,80.0,-32.0,-71.0,-2.0,5263.0,7709.0,137.0,4960.0,7251.0,128.0,303.0,458.0,9.0
61995,ESPORTSTMNT06/1310192,complete,http://matchhistory.na.leagueoflegends.com/en/#match-details/ESPORTSTMNT06/1310192?gameHash=8c9e346802558f10,EM,2020,Summer,0,2020-08-17 19:58:22,1,10.16,4,Blue,bot,Supa,G2 Arctic,Caitlyn,Sett,Karthus,Bard,Azir,Shyvana,2090,1,7,1,8,21,10,1.0,0.0,0.0,0.0,0.0,0.0,0.0,0.0,0.6029,0.89,,,,,,,,,,,,,,,,,,,,,,,,0.0,0.0,33341,957.1579,0.327882,11,0.3158,13,0.3732,4,21.0,0.6029,15060,10521,302.0383,0.26482100000000003,13720.0,,300.0,277.0,23,20,3,8.6124,3381.0,3434.0,89.0,3106.0,3214.0,70.0,275.0,220.0,19.0,5248.0,5405.0,131.0,4848.0,5074.0,114.0,400.0,331.0,17.0
61996,ESPORTSTMNT06/1310192,complete,http://matchhistory.na.leagueoflegends.com/en/#match-details/ESPORTSTMNT06/1310192?gameHash=8c9e346802558f10,EM,2020,Summer,0,2020-08-17 19:58:22,1,10.16,5,Blue,sup,Aesenar,G2 Arctic,Lux,Sett,Karthus,Bard,Azir,Shyvana,2090,1,0,1,15,21,10,0.0,0.0,0.0,0.0,0.0,0.0,0.0,1.0,0.6029,0.89,,,,,,,,,,,,,,,,,,,,,,,,0.0,0.0,12259,351.933,0.120557,66,1.8947,15,0.4306,17,114.0,3.2727,7972,3433,98.555,0.0864076,7050.0,,33.0,33.0,0,0,0,0.9474,2048.0,2563.0,2.0,2436.0,2518.0,13.0,-388.0,45.0,-11.0,3184.0,4289.0,8.0,3446.0,3684.0,18.0,-262.0,605.0,-10.0
61997,ESPORTSTMNT06/1310192,complete,http://matchhistory.na.leagueoflegends.com/en/#match-details/ESPORTSTMNT06/1310192?gameHash=8c9e346802558f10,EM,2020,Summer,0,2020-08-17 19:58:22,1,10.16,6,Red,top,Looca,LowLandLions,Ornn,Graves,Syndra,Morgana,Aatrox,Camille,2090,0,1,7,5,10,21,0.0,0.0,0.0,0.0,0.0,0.0,0.0,0.0,0.2871,0.89,,,,,,,,,,,,,,,,,,,,,,,,0.0,0.0,15743,451.9522,0.180854,17,0.488,9,0.2584,9,38.0,1.0909,9693,5154,147.9617,0.155282,8975.0,,180.0,176.0,4,3,0,5.1675,3073.0,4299.0,76.0,3726.0,5017.0,87.0,-653.0,-718.0,-11.0,4563.0,6552.0,102.0,6516.0,7467.0,134.0,-1953.0,-915.0,-32.0
61998,ESPORTSTMNT06/1310192,complete,http://matchhistory.na.leagueoflegends.com/en/#match-details/ESPORTSTMNT06/1310192?gameHash=8c9e346802558f10,EM,2020,Summer,0,2020-08-17 19:58:22,1,10.16,7,Red,jng,Hades,LowLandLions,Nidalee,Graves,Syndra,Morgana,Aatrox,Camille,2090,0,4,3,3,10,21,0.0,0.0,0.0,0.0,0.0,0.0,0.0,0.0,0.2871,0.89,,,,,,,,,,,,,,,,,,,,,,,,0.0,1.0,23422,672.4019,0.26907,40,1.1483,25,0.7177,10,89.0,2.555,13523,8984,257.9139,0.27067800000000003,12600.0,,236.0,51.0,185,144,13,6.7751,3218.0,3574.0,71.0,2743.0,2736.0,58.0,475.0,838.0,13.0,6293.0,6433.0,118.0,4612.0,4986.0,89.0,1681.0,1447.0,29.0
61999,ESPORTSTMNT06/1310192,complete,http://matchhistory.na.leagueoflegends.com/en/#match-details/ESPORTSTMNT06/1310192?gameHash=8c9e346802558f10,EM,2020,Summer,0,2020-08-17 19:58:22,1,10.16,8,Red,mid,Raqo,LowLandLions,Orianna,Graves,Syndra,Morgana,Aatrox,Camille,2090,0,1,3,5,10,21,0.0,0.0,0.0,0.0,0.0,0.0,0.0,0.0,0.2871,0.89,,,,,,,,,,,,,,,,,,,,,,,,0.0,0.0,14082,404.2679,0.161773,19,0.5455,10,0.2871,11,40.0,1.1483,11898,7359,211.2632,0.221717,11525.0,,273.0,265.0,8,4,4,7.8373,3112.0,4563.0,80.0,3080.0,4492.0,78.0,32.0,71.0,2.0,4960.0,7251.0,128.0,5263.0,7709.0,137.0,-303.0,-458.0,-9.0
62000,ESPORTSTMNT06/1310192,complete,http://matchhistory.na.leagueoflegends.com/en/#match-details/ESPORTSTMNT06/1310192?gameHash=8c9e346802558f10,EM,2020,Summer,0,2020-08-17 19:58:22,1,10.16,9,Red,bot,Orre,LowLandLions,Lucian,Graves,Syndra,Morgana,Aatrox,Camille,2090,0,2,5,4,10,21,1.0,0.0,0.0,0.0,1.0,0.0,1.0,0.0,0.2871,0.89,,,,,,,,,,,,,,,,,,,,,,,,0.0,0.0,26459,759.5885,0.30395900000000003,12,0.3445,9,0.2584,8,24.0,0.689,12938,8399,241.1196,0.253052,12275.0,,292.0,266.0,26,16,0,8.3828,3106.0,3214.0,70.0,3381.0,3434.0,89.0,-275.0,-220.0,-19.0,4848.0,5074.0,114.0,5248.0,5405.0,131.0,-400.0,-331.0,-17.0
62001,ESPORTSTMNT06/1310192,complete,http://matchhistory.na.leagueoflegends.com/en/#match-details/ESPORTSTMNT06/1310192?gameHash=8c9e346802558f10,EM,2020,Summer,0,2020-08-17 19:58:22,1,10.16,10,Red,sup,QUICKTIMER,LowLandLions,Blitzcrank,Graves,Syndra,Morgana,Aatrox,Camille,2090,0,2,3,5,10,21,0.0,0.0,0.0,0.0,1.0,1.0,0.0,0.0,0.2871,0.89,,,,,,,,,,,,,,,,,,,,,,,,0.0,0.0,7342,210.7751,0.0843443,66,1.8947,11,0.3158,19,90.0,2.5837,7834,3295,94.5933,0.0992709,7725.0,,31.0,31.0,0,0,0,0.89,2436.0,2518.0,13.0,2048.0,2563.0,2.0,388.0,-45.0,11.0,3446.0,3684.0,18.0,3184.0,4289.0,8.0,262.0,-605.0,10.0
62002,ESPORTSTMNT06/1310192,complete,http://matchhistory.na.leagueoflegends.com/en/#match-details/ESPORTSTMNT06/1310192?gameHash=8c9e346802558f10,EM,2020,Summer,0,2020-08-17 19:58:22,1,10.16,100,Blue,team,,G2 Arctic,,Sett,Karthus,Bard,Azir,Shyvana,2090,1,21,10,50,21,10,2.0,1.0,0.0,0.0,0.0,,,,0.6029,0.89,1.0,4.0,1.0,4.0,1.0,0.0,0.0,3.0,1.0,,0.0,0.0,0.0,0.0,1.0,0.0,0.0,1.0,1.0,8.0,2.0,1.0,1.0,1.0,0.0,101686,2919.2153,,126,3.6172,64,1.8373,51,265.0,7.6077,62424,39728,1140.5167,,58270.0,0.0928437,,846.0,208,127,24,30.2584,14978.0,18242.0,314.0,14945.0,18168.0,310.0,33.0,74.0,4.0,24823.0,29856.0,499.0,24110.0,28994.0,480.0,713.0,862.0,19.0
62003,ESPORTSTMNT06/1310192,complete,http://matchhistory.na.leagueoflegends.com/en/#match-details/ESPORTSTMNT06/1310192?gameHash=8c9e346802558f10,EM,2020,Summer,0,2020-08-17 19:58:22,1,10.16,200,Red,team,,LowLandLions,,Graves,Syndra,Morgana,Aatrox,Camille,2090,0,10,21,22,10,21,1.0,0.0,0.0,0.0,1.0,,,,0.2871,0.89,0.0,1.0,4.0,1.0,4.0,0.0,1.0,0.0,0.0,,0.0,0.0,1.0,1.0,0.0,1.0,1.0,0.0,0.0,2.0,8.0,0.0,0.0,0.0,1.0,87048,2498.9856,,154,4.4211,64,1.8373,57,281.0,8.067,55886,33190,952.823,,53100.0,-0.0928437,,789.0,223,167,17,29.0526,14945.0,18168.0,310.0,14978.0,18242.0,314.0,-33.0,-74.0,-4.0,24110.0,28994.0,480.0,24823.0,29856.0,499.0,-713.0,-862.0,-19.0
62040,ESPORTSTMNT06/1320281,complete,http://matchhistory.na.leagueoflegends.com/en/#match-details/ESPORTSTMNT06/1320281?gameHash=45312c8194c562cb,EM,2020,Summer,0,2020-08-18 15:05:40,1,10.16,1,Blue,top,Looca,LowLandLions,Ornn,Senna,Bard,Ashe,Cho'Gath,Akali,1562,0,1,6,2,4,24,0.0,0.0,0.0,0.0,0.0,0.0,0.0,1.0,0.1536,1.0755,,,,,,,,,,,,,,,,,,,,,,,,0.0,0.0,9131,350.7426,0.177975,12,0.4609,1,0.0384,6,22.0,0.8451,7241,3779,145.1601,0.18599200000000002,6800.0,,152.0,151.0,1,1,0,5.8387,2975.0,3616.0,56.0,3539.0,4133.0,76.0,-564.0,-517.0,-20.0,4300.0,5513.0,81.0,6840.0,7156.0,132.0,-2540.0,-1643.0,-51.0
62041,ESPORTSTMNT06/1320281,complete,http://matchhistory.na.leagueoflegends.com/en/#match-details/ESPORTSTMNT06/1320281?gameHash=45312c8194c562cb,EM,2020,Summer,0,2020-08-18 15:05:40,1,10.16,2,Blue,jng,Hades,LowLandLions,Sett,Senna,Bard,Ashe,Cho'Gath,Akali,1562,0,1,2,2,4,24,0.0,0.0,0.0,0.0,0.0,0.0,0.0,0.0,0.1536,1.0755,,,,,,,,,,,,,,,,,,,,,,,,0.0,2.0,9391,360.7298,0.183043,7,0.2689,7,0.2689,7,28.0,1.0755,7709,4247,163.137,0.209027,7625.0,,149.0,30.0,119,84,1,5.7234,3260.0,3140.0,59.0,4160.0,3500.0,66.0,-900.0,-360.0,-7.0,5119.0,4973.0,92.0,6649.0,6742.0,122.0,-1530.0,-1769.0,-30.0
62042,ESPORTSTMNT06/1320281,complete,http://matchhistory.na.leagueoflegends.com/en/#match-details/ESPORTSTMNT06/1320281?gameHash=45312c8194c562cb,EM,2020,Summer,0,2020-08-18 15:05:40,1,10.16,3,Blue,mid,Raqo,LowLandLions,Syndra,Senna,Bard,Ashe,Cho'Gath,Akali,1562,0,0,2,1,4,24,0.0,0.0,0.0,0.0,0.0,0.0,0.0,0.0,0.1536,1.0755,,,,,,,,,,,,,,,,,,,,,,,,0.0,1.0,18229,700.2177,0.35530700000000004,14,0.5378,2,0.0768,6,31.0,1.1908,8108,4646,178.4635,0.228665,7892.0,,218.0,214.0,4,4,0,8.3739,3397.0,5093.0,95.0,3117.0,4497.0,82.0,280.0,596.0,13.0,5299.0,7689.0,145.0,5157.0,6744.0,121.0,142.0,945.0,24.0
62043,ESPORTSTMNT06/1320281,complete,http://matchhistory.na.leagueoflegends.com/en/#match-details/ESPORTSTMNT06/1320281?gameHash=45312c8194c562cb,EM,2020,Summer,0,2020-08-18 15:05:40,1,10.16,4,Blue,bot,Orre,LowLandLions,Kalista,Senna,Bard,Ashe,Cho'Gath,Akali,1562,0,2,8,2,4,24,0.0,0.0,0.0,0.0,0.0,0.0,0.0,0.0,0.1536,1.0755,,,,,,,,,,,,,,,,,,,,,,,,0.0,0.0,10727,412.0487,0.209083,8,0.3073,6,0.2305,3,19.0,0.7298,8935,5473,210.2305,0.269368,7775.0,,194.0,190.0,4,4,0,7.452,3310.0,3100.0,64.0,3711.0,3406.0,86.0,-401.0,-306.0,-22.0,5716.0,5267.0,114.0,5282.0,5404.0,128.0,434.0,-137.0,-14.0
62044,ESPORTSTMNT06/1320281,complete,http://matchhistory.na.leagueoflegends.com/en/#match-details/ESPORTSTMNT06/1320281?gameHash=45312c8194c562cb,EM,2020,Summer,0,2020-08-18 15:05:40,1,10.16,5,Blue,sup,QUICKTIMER,LowLandLions,Leona,Senna,Bard,Ashe,Cho'Gath,Akali,1562,0,0,6,3,4,24,0.0,0.0,0.0,0.0,0.0,0.0,0.0,0.0,0.1536,1.0755,,,,,,,,,,,,,,,,,,,,,,,,0.0,0.0,3827,147.0038,0.07459310000000001,38,1.4597,8,0.3073,12,61.0,2.3431,5635,2173,83.4699,0.106948,8290.0,,30.0,30.0,0,0,0,1.1524,2136.0,2354.0,10.0,2338.0,2620.0,11.0,-202.0,-266.0,-1.0,3725.0,3783.0,21.0,3376.0,4073.0,17.0,349.0,-290.0,4.0
62045,ESPORTSTMNT06/1320281,complete,http://matchhistory.na.leagueoflegends.com/en/#match-details/ESPORTSTMNT06/1320281?gameHash=45312c8194c562cb,EM,2020,Summer,0,2020-08-18 15:05:40,1,10.16,6,Red,top,Gabbo,CR4ZY,Renekton,Karthus,Lucian,Caitlyn,Thresh,Nautilus,1562,1,5,1,9,24,4,1.0,0.0,0.0,0.0,1.0,0.0,1.0,0.0,0.9219,1.0755,,,,,,,,,,,,,,,,,,,,,,,,0.0,0.0,17551,674.1741,0.22985799999999998,13,0.4994,5,0.1921,5,28.0,1.0755,12859,9397,360.9603,0.250367,11550.0,,250.0,231.0,19,12,7,9.6031,3539.0,4133.0,76.0,2975.0,3616.0,56.0,564.0,517.0,20.0,6840.0,7156.0,132.0,4300.0,5513.0,81.0,2540.0,1643.0,51.0
62046,ESPORTSTMNT06/1320281,complete,http://matchhistory.na.leagueoflegends.com/en/#match-details/ESPORTSTMNT06/1320281?gameHash=45312c8194c562cb,EM,2020,Summer,0,2020-08-18 15:05:40,1,10.16,7,Red,jng,DoubleAiM,CR4ZY,Nidalee,Karthus,Lucian,Caitlyn,Thresh,Nautilus,1562,1,8,0,8,24,4,2.0,1.0,0.0,0.0,1.0,1.0,0.0,0.0,0.9219,1.0755,,,,,,,,,,,,,,,,,,,,,,,,2.0,0.0,14093,541.3444,0.18457,4,0.1536,13,0.4994,3,47.0,1.8054,12196,8734,335.493,0.232702,9775.0,,201.0,44.0,157,92,24,7.7209,4160.0,3500.0,66.0,3260.0,3140.0,59.0,900.0,360.0,7.0,6649.0,6742.0,122.0,5119.0,4973.0,92.0,1530.0,1769.0,30.0
62047,ESPORTSTMNT06/1320281,complete,http://matchhistory.na.leagueoflegends.com/en/#match-details/ESPORTSTMNT06/1320281?gameHash=45312c8194c562cb,EM,2020,Summer,0,2020-08-18 15:05:40,1,10.16,8,Red,mid,Meight,CR4ZY,Ekko,Karthus,Lucian,Caitlyn,Thresh,Nautilus,1562,1,4,0,7,24,4,0.0,0.0,0.0,0.0,0.0,0.0,0.0,0.0,0.9219,1.0755,,,,,,,,,,,,,,,,,,,,,,,,1.0,0.0,13559,520.8323,0.177576,8,0.3073,2,0.0768,3,17.0,0.653,10929,7467,286.8246,0.198945,10675.0,,204.0,200.0,4,0,1,7.8361,3117.0,4497.0,82.0,3397.0,5093.0,95.0,-280.0,-596.0,-13.0,5157.0,6744.0,121.0,5299.0,7689.0,145.0,-142.0,-945.0,-24.0
62048,ESPORTSTMNT06/1320281,complete,http://matchhistory.na.leagueoflegends.com/en/#match-details/ESPORTSTMNT06/1320281?gameHash=45312c8194c562cb,EM,2020,Summer,0,2020-08-18 15:05:40,1,10.16,9,Red,bot,Plox,CR4ZY,Ezreal,Karthus,Lucian,Caitlyn,Thresh,Nautilus,1562,1,7,1,8,24,4,1.0,0.0,0.0,0.0,0.0,0.0,0.0,0.0,0.9219,1.0755,,,,,,,,,,,,,,,,,,,,,,,,0.0,0.0,25451,977.6312,0.33332,10,0.3841,3,0.1152,7,19.0,0.7298,11902,8440,324.1997,0.224869,10550.0,,245.0,228.0,17,4,9,9.411,3711.0,3406.0,86.0,3310.0,3100.0,64.0,401.0,306.0,22.0,5282.0,5404.0,128.0,5716.0,5267.0,114.0,-434.0,137.0,14.0
62049,ESPORTSTMNT06/1320281,complete,http://matchhistory.na.leagueoflegends.com/en/#match-details/ESPORTSTMNT06/1320281?gameHash=45312c8194c562cb,EM,2020,Summer,0,2020-08-18 15:05:40,1,10.16,10,Red,sup,Raxxo,CR4ZY,Alistar,Karthus,Lucian,Caitlyn,Thresh,Nautilus,1562,1,0,2,20,24,4,0.0,0.0,0.0,0.0,0.0,0.0,0.0,0.0,0.9219,1.0755,,,,,,,,,,,,,,,,,,,,,,,,0.0,0.0,5702,219.0269,0.07467649999999999,27,1.0371,7,0.2689,13,58.0,2.2279,6957,3495,134.251,0.0931169,6275.0,,32.0,32.0,0,0,0,1.2292,2338.0,2620.0,11.0,2136.0,2354.0,10.0,202.0,266.0,1.0,3376.0,4073.0,17.0,3725.0,3783.0,21.0,-349.0,290.0,-4.0
62050,ESPORTSTMNT06/1320281,complete,http://matchhistory.na.leagueoflegends.com/en/#match-details/ESPORTSTMNT06/1320281?gameHash=45312c8194c562cb,EM,2020,Summer,0,2020-08-18 15:05:40,1,10.16,100,Blue,team,,LowLandLions,,Senna,Bard,Ashe,Cho'Gath,Akali,1562,0,4,24,10,4,24,0.0,0.0,0.0,0.0,0.0,,,,0.1536,1.0755,1.0,2.0,2.0,2.0,2.0,1.0,0.0,0.0,1.0,,0.0,0.0,1.0,2.0,0.0,0.0,0.0,0.0,1.0,1.0,11.0,0.0,0.0,0.0,3.0,51305,1970.7426,,79,3.0346,24,0.9219,34,161.0,6.1844,37628,20318,780.4609,,38382.0,-0.239499,,615.0,128,93,1,28.5403,15078.0,17303.0,284.0,16865.0,18156.0,321.0,-1787.0,-853.0,-37.0,24159.0,27225.0,453.0,27304.0,30119.0,520.0,-3145.0,-2894.0,-67.0
62051,ESPORTSTMNT06/1320281,complete,http://matchhistory.na.leagueoflegends.com/en/#match-details/ESPORTSTMNT06/1320281?gameHash=45312c8194c562cb,EM,2020,Summer,0,2020-08-18 15:05:40,1,10.16,200,Red,team,,CR4ZY,,Karthus,Lucian,Caitlyn,Thresh,Nautilus,1562,1,24,4,52,24,4,4.0,1.0,0.0,0.0,1.0,,,,0.9219,1.0755,0.0,2.0,2.0,2.0,2.0,0.0,0.0,2.0,0.0,,0.0,0.0,0.0,0.0,2.0,0.0,0.0,0.0,0.0,11.0,1.0,1.0,1.0,3.0,0.0,76356,2933.009,,62,2.3816,30,1.1524,31,169.0,6.4917,54843,37533,1441.7286,,48825.0,0.239499,,735.0,197,108,41,35.8003,16865.0,18156.0,321.0,15078.0,17303.0,284.0,1787.0,853.0,37.0,27304.0,30119.0,520.0,24159.0,27225.0,453.0,3145.0,2894.0,67.0
62220,ESPORTSTMNT06/1320295,complete,http://matchhistory.na.leagueoflegends.com/en/#match-details/ESPORTSTMNT06/1320295?gameHash=441d0cdd1cb7373e,EM,2020,Summer,0,2020-08-18 18:31:15,1,10.16,1,Blue,top,Looca,LowLandLions,Shen,Senna,Ezreal,Ashe,Renekton,Neeko,1867,0,1,4,6,12,27,0.0,0.0,0.0,0.0,0.0,0.0,0.0,0.0,0.3856,1.2533,,,,,,,,,,,,,,,,,,,,,,,,0.0,0.0,13463,432.662,0.198242,15,0.4821,5,0.1607,6,31.0,0.9963,9742,5658,181.8318,0.188436,9450.0,,185.0,177.0,8,1,0,5.9454,2786.0,4291.0,60.0,3790.0,4235.0,76.0,-1004.0,56.0,-16.0,4789.0,6762.0,100.0,5155.0,6146.0,103.0,-366.0,616.0,-3.0
62221,ESPORTSTMNT06/1320295,complete,http://matchhistory.na.leagueoflegends.com/en/#match-details/ESPORTSTMNT06/1320295?gameHash=441d0cdd1cb7373e,EM,2020,Summer,0,2020-08-18 18:31:15,1,10.16,2,Blue,jng,Hades,LowLandLions,Shyvana,Senna,Ezreal,Ashe,Renekton,Neeko,1867,0,6,5,6,12,27,1.0,0.0,0.0,0.0,1.0,0.0,1.0,0.0,0.3856,1.2533,,,,,,,,,,,,,,,,,,,,,,,,0.0,0.0,28718,922.9138,0.422871,31,0.9963,20,0.6427,9,67.0,2.1532,13468,9384,301.5747,0.31253400000000003,12010.0,,265.0,78.0,187,143,12,8.5163,3635.0,3647.0,75.0,3398.0,2861.0,49.0,237.0,786.0,26.0,5908.0,6623.0,131.0,4647.0,4585.0,77.0,1261.0,2038.0,54.0
62222,ESPORTSTMNT06/1320295,complete,http://matchhistory.na.leagueoflegends.com/en/#match-details/ESPORTSTMNT06/1320295?gameHash=441d0cdd1cb7373e,EM,2020,Summer,0,2020-08-18 18:31:15,1,10.16,3,Blue,mid,Raqo,LowLandLions,Nocturne,Senna,Ezreal,Ashe,Renekton,Neeko,1867,0,1,5,5,12,27,0.0,0.0,0.0,0.0,0.0,0.0,0.0,0.0,0.3856,1.2533,,,,,,,,,,,,,,,,,,,,,,,,0.0,0.0,7584,243.7279,0.111674,11,0.3535,4,0.1285,5,22.0,0.707,9867,5783,185.849,0.192599,9200.0,,211.0,195.0,16,12,0,6.7809,3032.0,4277.0,79.0,4178.0,4398.0,81.0,-1146.0,-121.0,-2.0,5147.0,6886.0,115.0,5841.0,6622.0,123.0,-694.0,264.0,-8.0
62223,ESPORTSTMNT06/1320295,complete,http://matchhistory.na.leagueoflegends.com/en/#match-details/ESPORTSTMNT06/1320295?gameHash=441d0cdd1cb7373e,EM,2020,Summer,0,2020-08-18 18:31:15,1,10.16,4,Blue,bot,Orre,LowLandLions,Lucian,Senna,Ezreal,Ashe,Renekton,Neeko,1867,0,3,6,5,12,27,1.0,0.0,0.0,0.0,1.0,0.0,1.0,0.0,0.3856,1.2533,,,,,,,,,,,,,,,,,,,,,,,,0.0,2.0,13190,423.8886,0.194222,8,0.2571,12,0.3856,2,24.0,0.7713,10664,6580,211.4622,0.219144,10500.0,,239.0,231.0,8,8,0,7.6808,3191.0,2802.0,75.0,4366.0,3338.0,89.0,-1175.0,-536.0,-14.0,4557.0,4394.0,116.0,6644.0,5069.0,132.0,-2087.0,-675.0,-16.0
62224,ESPORTSTMNT06/1320295,complete,http://matchhistory.na.leagueoflegends.com/en/#match-details/ESPORTSTMNT06/1320295?gameHash=441d0cdd1cb7373e,EM,2020,Summer,0,2020-08-18 18:31:15,1,10.16,5,Blue,sup,QUICKTIMER,LowLandLions,Thresh,Senna,Ezreal,Ashe,Renekton,Neeko,1867,0,1,7,8,12,27,0.0,0.0,0.0,0.0,1.0,1.0,0.0,0.0,0.3856,1.2533,,,,,,,,,,,,,,,,,,,,,,,,0.0,0.0,4957,159.3037,0.0729915,47,1.5104,8,0.2571,18,69.0,2.2175,6705,2621,84.2314,0.08728580000000001,6400.0,,31.0,31.0,0,0,0,0.9963,2673.0,2352.0,14.0,2372.0,2371.0,12.0,301.0,-19.0,2.0,3742.0,3580.0,23.0,3267.0,3595.0,15.0,475.0,-15.0,8.0
62225,ESPORTSTMNT06/1320295,complete,http://matchhistory.na.leagueoflegends.com/en/#match-details/ESPORTSTMNT06/1320295?gameHash=441d0cdd1cb7373e,EM,2020,Summer,0,2020-08-18 18:31:15,1,10.16,6,Red,top,Oscarinin,G2 Arctic,Camille,Karthus,Bard,Caitlyn,Azir,Orianna,1867,1,2,1,11,27,12,0.0,0.0,0.0,0.0,0.0,0.0,0.0,0.0,0.8677,1.2533,,,,,,,,,,,,,,,,,,,,,,,,0.0,0.0,16832,540.932,0.19653900000000002,20,0.6427,8,0.2571,11,40.0,1.2855,13133,9049,290.8088,0.22435300000000002,11333.0,,249.0,237.0,12,8,0,8.0021,3790.0,4235.0,76.0,2786.0,4291.0,60.0,1004.0,-56.0,16.0,5155.0,6146.0,103.0,4789.0,6762.0,100.0,366.0,-616.0,3.0
62226,ESPORTSTMNT06/1320295,complete,http://matchhistory.na.leagueoflegends.com/en/#match-details/ESPORTSTMNT06/1320295?gameHash=441d0cdd1cb7373e,EM,2020,Summer,0,2020-08-18 18:31:15,1,10.16,7,Red,jng,Nasser,G2 Arctic,Sejuani,Karthus,Bard,Caitlyn,Azir,Orianna,1867,1,1,3,19,27,12,0.0,0.0,0.0,0.0,0.0,0.0,0.0,0.0,0.8677,1.2533,,,,,,,,,,,,,,,,,,,,,,,,0.0,0.0,10682,343.2887,0.12472899999999999,8,0.2571,12,0.3856,6,30.0,0.9641,9555,5471,175.8222,0.13564,8710.0,,131.0,23.0,108,73,8,4.21,3398.0,2861.0,49.0,3635.0,3647.0,75.0,-237.0,-786.0,-26.0,4647.0,4585.0,77.0,5908.0,6623.0,131.0,-1261.0,-2038.0,-54.0
62227,ESPORTSTMNT06/1320295,complete,http://matchhistory.na.leagueoflegends.com/en/#match-details/ESPORTSTMNT06/1320295?gameHash=441d0cdd1cb7373e,EM,2020,Summer,0,2020-08-18 18:31:15,1,10.16,8,Red,mid,FeeNiixZ,G2 Arctic,Zoe,Karthus,Bard,Caitlyn,Azir,Orianna,1867,1,8,2,6,27,12,2.0,0.0,0.0,0.0,0.0,0.0,0.0,0.0,0.8677,1.2533,,,,,,,,,,,,,,,,,,,,,,,,0.0,0.0,20756,667.038,0.242358,17,0.5463,9,0.2892,11,34.0,1.0927,12949,8865,284.8956,0.21979,11125.0,,226.0,214.0,12,12,0,7.263,4178.0,4398.0,81.0,3032.0,4277.0,79.0,1146.0,121.0,2.0,5841.0,6622.0,123.0,5147.0,6886.0,115.0,694.0,-264.0,8.0
62228,ESPORTSTMNT06/1320295,complete,http://matchhistory.na.leagueoflegends.com/en/#match-details/ESPORTSTMNT06/1320295?gameHash=441d0cdd1cb7373e,EM,2020,Summer,0,2020-08-18 18:31:15,1,10.16,9,Red,bot,Supa,G2 Arctic,Kalista,Karthus,Bard,Caitlyn,Azir,Orianna,1867,1,14,2,7,27,12,3.0,2.0,1.0,0.0,0.0,0.0,0.0,0.0,0.8677,1.2533,,,,,,,,,,,,,,,,,,,,,,,,2.0,0.0,30058,965.9775,0.350973,25,0.8034,14,0.4499,3,46.0,1.4783,16769,12685,407.6593,0.31450300000000003,14825.0,,264.0,240.0,24,19,1,8.4842,4366.0,3338.0,89.0,3191.0,2802.0,75.0,1175.0,536.0,14.0,6644.0,5069.0,132.0,4557.0,4394.0,116.0,2087.0,675.0,16.0
62229,ESPORTSTMNT06/1320295,complete,http://matchhistory.na.leagueoflegends.com/en/#match-details/ESPORTSTMNT06/1320295?gameHash=441d0cdd1cb7373e,EM,2020,Summer,0,2020-08-18 18:31:15,1,10.16,10,Red,sup,Aesenar,G2 Arctic,Nautilus,Karthus,Bard,Caitlyn,Azir,Orianna,1867,1,2,4,19,27,12,0.0,0.0,0.0,0.0,0.0,0.0,0.0,1.0,0.8677,1.2533,,,,,,,,,,,,,,,,,,,,,,,,0.0,0.0,7314,235.0509,0.08540199999999999,32,1.0284,10,0.3214,12,68.0,2.1853,8348,4264,137.0327,0.10571400000000002,7800.0,,30.0,30.0,0,0,0,0.9641,2372.0,2371.0,12.0,2673.0,2352.0,14.0,-301.0,19.0,-2.0,3267.0,3595.0,15.0,3742.0,3580.0,23.0,-475.0,15.0,-8.0
62230,ESPORTSTMNT06/1320295,complete,http://matchhistory.na.leagueoflegends.com/en/#match-details/ESPORTSTMNT06/1320295?gameHash=441d0cdd1cb7373e,EM,2020,Summer,0,2020-08-18 18:31:15,1,10.16,100,Blue,team,,LowLandLions,,Senna,Ezreal,Ashe,Renekton,Neeko,1867,0,12,27,30,12,27,2.0,0.0,0.0,0.0,1.0,,,,0.3856,1.2533,0.0,1.0,4.0,1.0,4.0,0.0,1.0,0.0,0.0,,0.0,0.0,0.0,0.0,2.0,0.0,0.0,1.0,0.0,1.0,9.0,0.0,0.0,0.0,2.0,67912,2182.496,,112,3.5994,49,1.5747,40,213.0,6.8452,50446,30025,964.917,,47560.0,-0.12299600000000001,,712.0,219,164,12,29.9197,15317.0,17369.0,303.0,18104.0,17203.0,307.0,-2787.0,166.0,-4.0,24143.0,28245.0,485.0,25554.0,26017.0,450.0,-1411.0,2228.0,35.0
62231,ESPORTSTMNT06/1320295,complete,http://matchhistory.na.leagueoflegends.com/en/#match-details/ESPORTSTMNT06/1320295?gameHash=441d0cdd1cb7373e,EM,2020,Summer,0,2020-08-18 18:31:15,1,10.16,200,Red,team,,G2 Arctic,,Karthus,Bard,Caitlyn,Azir,Orianna,1867,1,27,12,62,27,12,5.0,2.0,1.0,0.0,0.0,,,,0.8677,1.2533,1.0,4.0,1.0,4.0,1.0,1.0,2.0,0.0,1.0,,0.0,0.0,1.0,2.0,0.0,1.0,1.0,0.0,1.0,9.0,1.0,1.0,1.0,2.0,0.0,85642,2752.2871,,102,3.278,53,1.7033,43,218.0,7.0059,60754,40333,1296.1864,,53793.0,0.12299600000000001,,744.0,156,112,9,28.9234,18104.0,17203.0,307.0,15317.0,17369.0,303.0,2787.0,-166.0,4.0,25554.0,26017.0,450.0,24143.0,28245.0,485.0,1411.0,-2228.0,-35.0
62292,ESPORTSTMNT06/1320313,complete,http://matchhistory.na.leagueoflegends.com/en/#match-details/ESPORTSTMNT06/1320313?gameHash=66524f82f8d5d523,EM,2020,Summer,0,2020-08-18 20:17:10,1,10.16,1,Blue,top,Bando,LDLC OL,Camille,Ashe,Sett,Lucian,Morgana,Jax,1195,1,14,3,8,39,15,2.0,1.0,0.0,0.0,0.0,0.0,0.0,0.0,1.9582,2.7113,,,,,,,,,,,,,,,,,,,,,,,,1.0,0.0,24168,1213.4561,0.352869,8,0.4017,2,0.1004,2,14.0,0.7029,14209,11496,577.205,0.308623,11608.0,,172.0,164.0,8,0,8,8.636,5251.0,5404.0,93.0,3149.0,4036.0,57.0,2102.0,1368.0,36.0,9697.0,8461.0,136.0,4697.0,6185.0,96.0,5000.0,2276.0,40.0
62293,ESPORTSTMNT06/1320313,complete,http://matchhistory.na.leagueoflegends.com/en/#match-details/ESPORTSTMNT06/1320313?gameHash=66524f82f8d5d523,EM,2020,Summer,0,2020-08-18 20:17:10,1,10.16,2,Blue,jng,TynX,LDLC OL,Hecarim,Ashe,Sett,Lucian,Morgana,Jax,1195,1,8,1,8,39,15,1.0,0.0,0.0,0.0,0.0,0.0,0.0,0.0,1.9582,2.7113,,,,,,,,,,,,,,,,,,,,,,,,0.0,0.0,13227,664.1172,0.193123,4,0.2008,5,0.251,4,24.0,1.205,9515,6802,341.523,0.182603,8533.0,,124.0,38.0,86,48,9,6.2259,3603.0,3870.0,60.0,3432.0,3578.0,59.0,171.0,292.0,1.0,7110.0,7317.0,105.0,7090.0,6512.0,84.0,20.0,805.0,21.0
62294,ESPORTSTMNT06/1320313,complete,http://matchhistory.na.leagueoflegends.com/en/#match-details/ESPORTSTMNT06/1320313?gameHash=66524f82f8d5d523,EM,2020,Summer,0,2020-08-18 20:17:10,1,10.16,3,Blue,mid,Vetheo,LDLC OL,Syndra,Ashe,Sett,Lucian,Morgana,Jax,1195,1,3,5,4,39,15,0.0,0.0,0.0,0.0,0.0,0.0,0.0,0.0,1.9582,2.7113,,,,,,,,,,,,,,,,,,,,,,,,0.0,0.0,8120,407.6987,0.118557,5,0.251,0,0.0,2,11.0,0.5523,8118,5405,271.3808,0.145098,7500.0,,141.0,133.0,8,8,0,7.0795,3549.0,4490.0,78.0,2883.0,4128.0,59.0,666.0,362.0,19.0,5511.0,6435.0,110.0,4963.0,7235.0,108.0,548.0,-800.0,2.0
62295,ESPORTSTMNT06/1320313,complete,http://matchhistory.na.leagueoflegends.com/en/#match-details/ESPORTSTMNT06/1320313?gameHash=66524f82f8d5d523,EM,2020,Summer,0,2020-08-18 20:17:10,1,10.16,4,Blue,bot,Exakick,LDLC OL,Kalista,Ashe,Sett,Lucian,Morgana,Jax,1195,1,12,4,11,39,15,0.0,0.0,0.0,0.0,1.0,1.0,0.0,0.0,1.9582,2.7113,,,,,,,,,,,,,,,,,,,,,,,,0.0,0.0,16800,843.5146,0.24529099999999998,9,0.4519,6,0.3013,5,27.0,1.3556,11666,8953,449.523,0.240351,8775.0,,170.0,150.0,20,8,4,8.5356,4123.0,3036.0,73.0,3331.0,3113.0,68.0,792.0,-77.0,5.0,7215.0,6080.0,111.0,5264.0,4503.0,90.0,1951.0,1577.0,21.0
62296,ESPORTSTMNT06/1320313,complete,http://matchhistory.na.leagueoflegends.com/en/#match-details/ESPORTSTMNT06/1320313?gameHash=66524f82f8d5d523,EM,2020,Summer,0,2020-08-18 20:17:10,1,10.16,5,Blue,sup,YellOwStaR,LDLC OL,Alistar,Ashe,Sett,Lucian,Morgana,Jax,1195,1,2,2,23,39,15,0.0,0.0,0.0,0.0,1.0,0.0,1.0,0.0,1.9582,2.7113,,,,,,,,,,,,,,,,,,,,,,,,1.0,0.0,6175,310.0418,0.0901591,16,0.8033,1,0.0502,8,27.0,1.3556,7307,4594,230.6611,0.123325,5900.0,,31.0,31.0,0,0,0,1.5565,2761.0,3035.0,12.0,2134.0,2417.0,4.0,627.0,618.0,8.0,4577.0,5358.0,24.0,3467.0,4285.0,5.0,1110.0,1073.0,19.0
62297,ESPORTSTMNT06/1320313,complete,http://matchhistory.na.leagueoflegends.com/en/#match-details/ESPORTSTMNT06/1320313?gameHash=66524f82f8d5d523,EM,2020,Summer,0,2020-08-18 20:17:10,1,10.16,6,Red,top,Looca,LowLandLions,Aatrox,Zoe,LeBlanc,Caitlyn,Thresh,Nautilus,1195,0,1,8,2,15,39,0.0,0.0,0.0,0.0,0.0,0.0,0.0,0.0,0.7531,2.7113,,,,,,,,,,,,,,,,,,,,,,,,0.0,1.0,7184,360.7029,0.15821,8,0.4017,0,0.0,2,10.0,0.5021,5770,3057,153.4895,0.15118199999999998,5850.0,,109.0,107.0,2,1,0,5.4728,3149.0,4036.0,57.0,5251.0,5404.0,93.0,-2102.0,-1368.0,-36.0,4697.0,6185.0,96.0,9697.0,8461.0,136.0,-5000.0,-2276.0,-40.0
62298,ESPORTSTMNT06/1320313,complete,http://matchhistory.na.leagueoflegends.com/en/#match-details/ESPORTSTMNT06/1320313?gameHash=66524f82f8d5d523,EM,2020,Summer,0,2020-08-18 20:17:10,1,10.16,7,Red,jng,Hades,LowLandLions,Rek'Sai,Zoe,LeBlanc,Caitlyn,Thresh,Nautilus,1195,0,8,7,3,15,39,0.0,0.0,0.0,0.0,0.0,0.0,0.0,0.0,0.7531,2.7113,,,,,,,,,,,,,,,,,,,,,,,,0.0,0.0,10059,505.0544,0.221525,8,0.4017,3,0.1506,4,20.0,1.0042,8393,5680,285.1883,0.280918,8325.0,,96.0,12.0,84,63,0,4.8201,3432.0,3578.0,59.0,3603.0,3870.0,60.0,-171.0,-292.0,-1.0,7090.0,6512.0,84.0,7110.0,7317.0,105.0,-20.0,-805.0,-21.0
62299,ESPORTSTMNT06/1320313,complete,http://matchhistory.na.leagueoflegends.com/en/#match-details/ESPORTSTMNT06/1320313?gameHash=66524f82f8d5d523,EM,2020,Summer,0,2020-08-18 20:17:10,1,10.16,8,Red,mid,Raqo,LowLandLions,Ekko,Zoe,LeBlanc,Caitlyn,Thresh,Nautilus,1195,0,2,5,3,15,39,0.0,0.0,0.0,0.0,0.0,0.0,0.0,0.0,0.7531,2.7113,,,,,,,,,,,,,,,,,,,,,,,,0.0,0.0,9532,478.5941,0.209919,5,0.251,1,0.0502,2,17.0,0.8536,7561,4848,243.4142,0.239767,6500.0,,142.0,138.0,4,4,0,7.1297,2883.0,4128.0,59.0,3549.0,4490.0,78.0,-666.0,-362.0,-19.0,4963.0,7235.0,108.0,5511.0,6435.0,110.0,-548.0,800.0,-2.0
62300,ESPORTSTMNT06/1320313,complete,http://matchhistory.na.leagueoflegends.com/en/#match-details/ESPORTSTMNT06/1320313?gameHash=66524f82f8d5d523,EM,2020,Summer,0,2020-08-18 20:17:10,1,10.16,9,Red,bot,Orre,LowLandLions,Draven,Zoe,LeBlanc,Caitlyn,Thresh,Nautilus,1195,0,4,11,4,15,39,0.0,0.0,0.0,0.0,0.0,0.0,0.0,0.0,0.7531,2.7113,,,,,,,,,,,,,,,,,,,,,,,,0.0,0.0,13619,683.7992,0.299925,2,0.1004,0,0.0,0,1.0,0.0502,7488,4775,239.749,0.236156,7025.0,,101.0,101.0,0,0,0,5.0711,3331.0,3113.0,68.0,4123.0,3036.0,73.0,-792.0,77.0,-5.0,5264.0,4503.0,90.0,7215.0,6080.0,111.0,-1951.0,-1577.0,-21.0
62301,ESPORTSTMNT06/1320313,complete,http://matchhistory.na.leagueoflegends.com/en/#match-details/ESPORTSTMNT06/1320313?gameHash=66524f82f8d5d523,EM,2020,Summer,0,2020-08-18 20:17:10,1,10.16,10,Red,sup,QUICKTIMER,LowLandLions,Janna,Zoe,LeBlanc,Caitlyn,Thresh,Nautilus,1195,0,0,8,8,15,39,0.0,0.0,0.0,0.0,0.0,0.0,0.0,1.0,0.7531,2.7113,,,,,,,,,,,,,,,,,,,,,,,,0.0,1.0,5014,251.749,0.110421,17,0.8536,1,0.0502,8,21.0,1.0544,4573,1860,93.3891,0.09197739999999999,4235.0,,7.0,7.0,0,0,0,0.3515,2134.0,2417.0,4.0,2761.0,3035.0,12.0,-627.0,-618.0,-8.0,3467.0,4285.0,5.0,4577.0,5358.0,24.0,-1110.0,-1073.0,-19.0
62302,ESPORTSTMNT06/1320313,complete,http://matchhistory.na.leagueoflegends.com/en/#match-details/ESPORTSTMNT06/1320313?gameHash=66524f82f8d5d523,EM,2020,Summer,0,2020-08-18 20:17:10,1,10.16,100,Blue,team,,LDLC OL,,Ashe,Sett,Lucian,Morgana,Jax,1195,1,39,15,54,39,15,3.0,1.0,0.0,0.0,1.0,,,,1.9582,2.7113,0.0,1.0,1.0,1.0,1.0,1.0,0.0,0.0,0.0,,0.0,0.0,1.0,2.0,0.0,0.0,0.0,0.0,1.0,10.0,0.0,1.0,1.0,2.0,0.0,68490,3438.8285,,42,2.1088,14,0.7029,21,103.0,5.1715,50815,37248,1870.1925,,42316.0,0.279619,,516.0,122,64,21,32.0335,19287.0,19835.0,316.0,14929.0,17272.0,247.0,4358.0,2563.0,69.0,34110.0,33651.0,486.0,25481.0,28720.0,383.0,8629.0,4931.0,103.0
62303,ESPORTSTMNT06/1320313,complete,http://matchhistory.na.leagueoflegends.com/en/#match-details/ESPORTSTMNT06/1320313?gameHash=66524f82f8d5d523,EM,2020,Summer,0,2020-08-18 20:17:10,1,10.16,200,Red,team,,LowLandLions,,Zoe,LeBlanc,Caitlyn,Thresh,Nautilus,1195,0,15,39,20,15,39,0.0,0.0,0.0,0.0,0.0,,,,0.7531,2.7113,1.0,1.0,1.0,1.0,1.0,0.0,1.0,0.0,0.0,,0.0,0.0,0.0,0.0,2.0,0.0,0.0,0.0,0.0,0.0,10.0,0.0,0.0,0.0,2.0,45408,2279.8996,,40,2.0084,5,0.251,16,69.0,3.4644,33785,20218,1015.1297,,31935.0,-0.279619,,365.0,90,68,0,22.8452,14929.0,17272.0,247.0,19287.0,19835.0,316.0,-4358.0,-2563.0,-69.0,25481.0,28720.0,383.0,34110.0,33651.0,486.0,-8629.0,-4931.0,-103.0
